{
  "project_info": {
    "project_number": "318668876449",
    "firebase_url": "https://timetable-8a548.firebaseio.com",
    "project_id": "timetable-8a548",
    "storage_bucket": "timetable-8a548.appspot.com"
  },
  "client": [
    {
      "client_info": {
        "mobilesdk_app_id": "1:318668876449:android:94f5d21428aeef7c39dee0",
        "android_client_info": {
          "package_name": "com.app.timetable"
        }
      },
      "oauth_client": [
        {
          "client_id": "318668876449-9tpr3hprfgpn8mhkbu7npod1v5h53vgk.apps.googleusercontent.com",
          "client_type": 3
        }
      ],
      "api_key": [
        {
          "current_key": "AIzaSyAsICqtLIq6XpbPpgkgjw_HSELsIlPz5A8"
        }
      ],
      "services": {
        "appinvite_service": {
          "other_platform_oauth_client": [
            {
              "client_id": "318668876449-9tpr3hprfgpn8mhkbu7npod1v5h53vgk.apps.googleusercontent.com",
              "client_type": 3
            }
          ]
        }
      }
    }
  ],
  "configuration_version": "1"
}